threshold,tn,fp,fn,tp,precision,recall,f1,accuracy,specificity,npv,total_cost,average_cost,cost_per_predicted_churn
0.01,124,2411,1,915,0.275105,0.998908,0.431400,0.301072,0.048915,0.992000,33360.00,9.666763,10.000000
0.02,247,2288,3,913,0.285223,0.996725,0.443527,0.336134,0.097436,0.988000,32310.00,9.362504,10.000000
0.03,369,2166,4,912,0.296296,0.995633,0.456685,0.371197,0.145562,0.989276,31180.00,9.035062,10.000000
0.04,475,2060,7,909,0.306164,0.992358,0.467954,0.401043,0.187377,0.985477,30390.00,8.806143,10.000000
0.05,553,1982,7,909,0.314424,0.992358,0.477541,0.423645,0.218146,0.987500,29610.00,8.580122,10.000000
0.06,625,1910,9,907,0.321974,0.990175,0.485936,0.443929,0.246548,0.985804,29070.00,8.423645,10.000000
0.07,680,1855,9,907,0.328385,0.990175,0.493203,0.459867,0.268245,0.986938,28520.00,8.264271,10.000000
0.08,723,1812,10,906,0.333333,0.989083,0.498624,0.472037,0.285207,0.986357,28180.00,8.165749,10.000000
0.09,762,1773,10,906,0.338186,0.989083,0.504033,0.483338,0.300592,0.987047,27790.00,8.052738,10.000000
0.10,801,1734,11,905,0.342933,0.987991,0.509142,0.494349,0.315976,0.986453,27490.00,7.965807,10.000000
0.11,835,1700,13,903,0.346907,0.985808,0.513214,0.503622,0.329389,0.984670,27330.00,7.919444,10.000000
0.12,874,1661,14,902,0.351931,0.984716,0.518540,0.514633,0.344773,0.984234,27030.00,7.832512,10.000000
0.13,916,1619,18,898,0.356774,0.980349,0.523158,0.525645,0.361341,0.980728,26970.00,7.815126,10.000000
0.14,948,1587,19,897,0.361111,0.979258,0.527647,0.534628,0.373964,0.980352,26740.00,7.748479,10.000000
0.15,989,1546,24,892,0.365874,0.973799,0.531902,0.545059,0.390138,0.976308,26780.00,7.760070,10.000000
0.16,1015,1520,27,889,0.369033,0.970524,0.534737,0.551724,0.400394,0.974088,26790.00,7.762967,10.000000
0.17,1041,1494,29,887,0.372533,0.968341,0.538065,0.558679,0.410651,0.972897,26710.00,7.739786,10.000000
0.18,1067,1468,33,883,0.375585,0.963974,0.540557,0.565054,0.420907,0.970000,26810.00,7.768763,10.000000
0.19,1117,1418,38,878,0.382404,0.958515,0.546700,0.578093,0.440631,0.967100,26760.00,7.754274,10.000000
0.20,1157,1378,42,874,0.388099,0.954148,0.551768,0.588525,0.456410,0.964971,26720.00,7.742683,10.000000
0.21,1198,1337,47,869,0.393926,0.948690,0.556694,0.598957,0.472584,0.962249,26760.00,7.754274,10.000000
0.22,1220,1315,49,867,0.397342,0.946507,0.559716,0.604752,0.481262,0.961387,26720.00,7.742683,10.000000
0.23,1248,1287,54,862,0.401117,0.941048,0.562480,0.611417,0.492308,0.958525,26890.00,7.791944,10.000000
0.24,1289,1246,56,860,0.408357,0.938865,0.569159,0.622718,0.508481,0.958364,26660.00,7.725297,10.000000
0.25,1320,1215,60,856,0.413327,0.934498,0.573150,0.630542,0.520710,0.956522,26710.00,7.739786,10.000000
0.26,1348,1187,65,851,0.417566,0.929039,0.576168,0.637207,0.531755,0.953999,26880.00,7.789047,10.000000
0.27,1374,1161,66,850,0.422675,0.927948,0.580799,0.644451,0.542012,0.954167,26710.00,7.739786,10.000000
0.28,1407,1128,69,847,0.428861,0.924672,0.585956,0.653144,0.555030,0.953252,26650.00,7.722399,10.000000
0.29,1438,1097,75,841,0.433953,0.918122,0.589348,0.660388,0.567258,0.950430,26880.00,7.789047,10.000000
0.30,1468,1067,79,837,0.439601,0.913755,0.593617,0.667922,0.579093,0.948933,26940.00,7.806433,10.000000
0.31,1497,1038,89,827,0.443432,0.902838,0.594750,0.673428,0.590533,0.943884,27550.00,7.983193,10.000000
0.32,1525,1010,91,825,0.449591,0.900655,0.599782,0.680962,0.601578,0.943688,27450.00,7.954216,10.000000
0.33,1551,984,94,822,0.455150,0.897380,0.603968,0.687627,0.611834,0.942857,27460.00,7.957114,10.000000
0.34,1576,959,96,820,0.460933,0.895197,0.608534,0.694292,0.621696,0.942584,27390.00,7.936830,10.000000
0.35,1594,941,101,815,0.464123,0.889738,0.610030,0.698059,0.628797,0.940413,27660.00,8.015068,10.000000
0.36,1609,926,110,806,0.465358,0.879913,0.608761,0.699797,0.634714,0.936009,28320.00,8.206317,10.000000
0.37,1642,893,115,801,0.472845,0.874454,0.613793,0.707911,0.647732,0.934548,28440.00,8.241090,10.000000
0.38,1665,870,120,796,0.477791,0.868996,0.616576,0.713127,0.656805,0.932773,28660.00,8.304839,10.000000
0.39,1692,843,128,788,0.483139,0.860262,0.618767,0.718632,0.667456,0.929670,29110.00,8.435236,10.000000
0.40,1716,819,134,782,0.488445,0.853712,0.621375,0.723848,0.676923,0.927568,29410.00,8.522167,10.000000
0.41,1737,798,140,776,0.493011,0.847162,0.623293,0.728195,0.685207,0.925413,29740.00,8.617792,10.000000
0.42,1758,777,145,771,0.498062,0.841703,0.625812,0.732831,0.693491,0.923805,29980.00,8.687337,10.000000
0.43,1780,755,152,764,0.502962,0.834061,0.627515,0.737178,0.702170,0.921325,30390.00,8.806143,10.000000
0.44,1804,731,161,755,0.508075,0.824236,0.628643,0.741524,0.711637,0.918066,30960.00,8.971313,10.000000
0.45,1826,709,170,746,0.512715,0.814410,0.629270,0.745291,0.720316,0.914830,31550.00,9.142278,10.000000
0.46,1848,687,181,735,0.516878,0.802402,0.628743,0.748479,0.728994,0.910793,32320.00,9.365401,10.000000
0.47,1864,671,190,726,0.519685,0.792576,0.627756,0.750507,0.735306,0.907498,32970.00,9.553753,10.000000
0.48,1883,652,198,718,0.524088,0.783843,0.628171,0.753695,0.742801,0.904853,33500.00,9.707331,10.000000
0.49,1906,629,201,715,0.531994,0.780568,0.632743,0.759490,0.751874,0.904604,33540.00,9.718922,10.000000
0.50,1921,614,214,702,0.533435,0.766376,0.629032,0.760070,0.757791,0.899766,34560.00,10.014489,10.000000
0.51,1944,591,219,697,0.541149,0.760917,0.632486,0.765285,0.766864,0.898752,34780.00,10.078238,10.000000
0.52,1966,569,227,689,0.547695,0.752183,0.633855,0.769342,0.775542,0.896489,35280.00,10.223124,10.000000
0.53,1988,547,237,679,0.553834,0.741266,0.633987,0.772819,0.784221,0.893483,35960.00,10.420168,10.000000
0.54,2006,529,243,673,0.559900,0.734716,0.635505,0.776297,0.791321,0.891952,36320.00,10.524486,10.000000
0.55,2026,509,253,663,0.565700,0.723799,0.635057,0.779194,0.799211,0.888986,37020.00,10.727325,10.000000
0.56,2055,480,265,651,0.575597,0.710699,0.636053,0.784121,0.810651,0.885776,37810.00,10.956245,10.000000
0.57,2070,465,278,638,0.578422,0.696507,0.631996,0.784700,0.816568,0.881601,38830.00,11.251811,10.000000
0.58,2094,441,287,629,0.587850,0.686681,0.633434,0.789047,0.826036,0.879462,39400.00,11.416981,10.000000
0.59,2107,428,299,617,0.590431,0.673581,0.629271,0.789336,0.831164,0.875727,40350.00,11.692263,10.000000
0.60,2121,414,315,601,0.592118,0.656114,0.622475,0.788757,0.836686,0.870690,41650.00,12.068966,10.000000
0.61,2132,403,325,591,0.594567,0.645197,0.618848,0.789047,0.841026,0.867725,42440.00,12.297885,10.000000
0.62,2162,373,338,578,0.607781,0.631004,0.619175,0.793973,0.852860,0.864800,43310.00,12.549986,10.000000
0.63,2180,355,356,560,0.612022,0.611354,0.611688,0.793973,0.859961,0.859621,44750.00,12.967256,10.000000
0.64,2197,338,368,548,0.618510,0.598253,0.608213,0.795422,0.866667,0.856530,45660.00,13.230948,10.000000
0.65,2222,313,384,532,0.629586,0.580786,0.604202,0.798030,0.876529,0.852648,46850.00,13.575775,10.000000
0.66,2240,295,393,523,0.639364,0.570961,0.603230,0.800637,0.883629,0.850741,47480.00,13.758331,10.000000
0.67,2256,279,404,512,0.647282,0.558952,0.599883,0.802086,0.889941,0.848120,48310.00,13.998841,10.000000
0.68,2271,264,415,501,0.654902,0.546943,0.596074,0.803245,0.895858,0.845495,49150.00,14.242249,10.000000
0.69,2283,252,429,487,0.658999,0.531659,0.588520,0.802666,0.900592,0.841814,50290.00,14.572588,10.000000
0.70,2299,236,438,478,0.669468,0.521834,0.586503,0.804694,0.906903,0.839971,50940.00,14.760939,10.000000
0.71,2309,226,455,461,0.671033,0.503275,0.575172,0.802666,0.910848,0.835384,52370.00,15.175312,10.000000
0.72,2318,217,467,449,0.674174,0.490175,0.567636,0.801797,0.914398,0.832316,53360.00,15.462185,10.000000
0.73,2334,201,480,436,0.684458,0.475983,0.561494,0.802666,0.920710,0.829424,54370.00,15.754854,10.000000
0.74,2349,186,497,419,0.692562,0.457424,0.550953,0.802086,0.926627,0.825369,55750.00,16.154738,10.000000
0.75,2366,169,513,403,0.704545,0.439956,0.541667,0.802376,0.933333,0.821813,57020.00,16.522747,10.000000
0.76,2381,154,524,392,0.717949,0.427948,0.536252,0.803535,0.939250,0.819621,57860.00,16.766155,10.000000
0.77,2391,144,543,373,0.721470,0.407205,0.520586,0.800927,0.943195,0.814928,59470.00,17.232686,10.000000
0.78,2403,132,559,357,0.730061,0.389738,0.508185,0.799768,0.947929,0.811276,60790.00,17.615184,10.000000
0.79,2415,120,584,332,0.734513,0.362445,0.485380,0.796001,0.952663,0.805268,62920.00,18.232396,10.000000
0.80,2426,109,607,309,0.739234,0.337336,0.463268,0.792524,0.957002,0.799868,64880.00,18.800348,10.000000
0.81,2440,95,629,287,0.751309,0.313319,0.442219,0.790206,0.962525,0.795047,66720.00,19.333527,10.000000
0.82,2452,83,658,258,0.756598,0.281659,0.410501,0.785280,0.967258,0.788424,69210.00,20.055057,10.000000
0.83,2467,68,681,235,0.775578,0.256550,0.385562,0.782961,0.973176,0.783672,71130.00,20.611417,10.000000
0.84,2476,59,711,205,0.776515,0.223799,0.347458,0.776876,0.976726,0.776906,73740.00,21.367720,10.000000
0.85,2487,48,735,181,0.790393,0.197598,0.316157,0.773109,0.981065,0.771881,75790.00,21.961750,10.000000
0.86,2494,41,752,164,0.800000,0.179039,0.292596,0.770212,0.983826,0.768330,77250.00,22.384816,10.000000
0.87,2505,30,772,144,0.827586,0.157205,0.264220,0.767604,0.988166,0.764419,78940.00,22.874529,10.000000
0.88,2513,22,783,133,0.858065,0.145197,0.248366,0.766734,0.991321,0.762439,79850.00,23.138221,10.000000
0.89,2522,13,803,113,0.896825,0.123362,0.216891,0.763547,0.994872,0.758496,81560.00,23.633729,10.000000
0.90,2525,10,823,93,0.902913,0.101528,0.182532,0.758621,0.996055,0.754182,83330.00,24.146624,10.000000
0.91,2526,9,848,68,0.883117,0.074236,0.136959,0.751666,0.996450,0.748666,85570.00,24.795711,10.000000
0.92,2527,8,866,50,0.862069,0.054585,0.102669,0.746740,0.996844,0.744769,87180.00,25.262243,10.000000
0.93,2531,4,892,24,0.857143,0.026201,0.050847,0.740365,0.998422,0.739410,89480.00,25.928716,10.000000
0.94,2534,1,908,8,0.888889,0.008734,0.017297,0.736598,0.999606,0.736200,90890.00,26.337294,10.000000
0.95,2535,0,914,2,1.000000,0.002183,0.004357,0.735149,1.000000,0.734996,91420.00,26.490872,10.000000
0.96,2535,0,916,0,0.000000,0.000000,0.000000,0.734570,1.000000,0.734570,91600.00,26.543031,0.000000
0.97,2535,0,916,0,0.000000,0.000000,0.000000,0.734570,1.000000,0.734570,91600.00,26.543031,0.000000
0.98,2535,0,916,0,0.000000,0.000000,0.000000,0.734570,1.000000,0.734570,91600.00,26.543031,0.000000
0.99,2535,0,916,0,0.000000,0.000000,0.000000,0.734570,1.000000,0.734570,91600.00,26.543031,0.000000
